Datetime,Open,High,Low,Close,Volume,Dividends,Stock Splits,Capital Gains
2022-03-30 09:30:00-04:00,65.51000213623047,65.51000213623047,65.51000213623047,65.51000213623047,0,0.0,0.0,0.0
2022-03-31 09:30:00-04:00,64.69999694824219,64.69999694824219,64.69999694824219,64.69999694824219,0,0.0,0.0,0.0
2022-04-01 09:30:00-04:00,64.9800033569336,64.9800033569336,64.9800033569336,64.9800033569336,0,0.0,0.0,0.0
2022-04-04 09:30:00-04:00,65.16999816894531,65.16999816894531,65.16999816894531,65.16999816894531,0,0.0,0.0,0.0
2022-04-05 09:30:00-04:00,64.52999877929688,64.52999877929688,64.52999877929688,64.52999877929688,0,0.0,0.0,0.0
2022-04-06 09:30:00-04:00,64.20999908447266,64.20999908447266,64.20999908447266,64.20999908447266,0,0.0,0.0,0.0
2022-04-07 09:30:00-04:00,64.36000061035156,64.36000061035156,64.36000061035156,64.36000061035156,0,0.0,0.0,0.0
2022-04-08 09:30:00-04:00,64.68000030517578,64.68000030517578,64.68000030517578,64.68000030517578,0,0.0,0.0,0.0
2022-04-11 09:30:00-04:00,64.2699966430664,64.2699966430664,64.2699966430664,64.2699966430664,0,0.0,0.0,0.0
2022-04-12 09:30:00-04:00,64.08999633789062,64.08999633789062,64.08999633789062,64.08999633789062,0,0.0,0.0,0.0
2022-04-13 09:30:00-04:00,64.58999633789062,64.58999633789062,64.58999633789062,64.58999633789062,0,0.0,0.0,0.0
2022-04-14 09:30:00-04:00,64.45999908447266,64.45999908447266,64.45999908447266,64.45999908447266,0,0.0,0.0,0.0
2022-04-18 09:30:00-04:00,64.31999969482422,64.31999969482422,64.31999969482422,64.31999969482422,0,0.0,0.0,0.0
2022-04-19 09:30:00-04:00,64.36000061035156,64.36000061035156,64.36000061035156,64.36000061035156,0,0.0,0.0,0.0
2022-04-20 09:30:00-04:00,64.66000366210938,64.66000366210938,64.66000366210938,64.66000366210938,0,0.0,0.0,0.0
2022-04-21 09:30:00-04:00,63.91999816894531,63.91999816894531,63.91999816894531,63.91999816894531,0,0.0,0.0,0.0
2022-04-22 09:30:00-04:00,62.65999984741211,62.65999984741211,62.65999984741211,62.65999984741211,0,0.0,0.0,0.0
2022-04-25 09:30:00-04:00,62.34000015258789,62.34000015258789,62.34000015258789,62.34000015258789,0,0.0,0.0,0.0
2022-04-26 09:30:00-04:00,61.380001068115234,61.380001068115234,61.380001068115234,61.380001068115234,0,0.0,0.0,0.0
2022-04-27 09:30:00-04:00,61.31999969482422,61.31999969482422,61.31999969482422,61.31999969482422,0,0.0,0.0,0.0
2022-04-28 09:30:00-04:00,62.20000076293945,62.20000076293945,62.20000076293945,62.20000076293945,0,0.0,0.0,0.0
2022-04-29 09:30:00-04:00,61.2599983215332,61.2599983215332,61.2599983215332,61.2599983215332,0,0.0,0.0,0.0
2022-05-02 09:30:00-04:00,61.13999938964844,61.13999938964844,61.13999938964844,61.13999938964844,0,0.0,0.0,0.0
2022-05-03 09:30:00-04:00,61.540000915527344,61.540000915527344,61.540000915527344,61.540000915527344,0,0.0,0.0,0.0
2022-05-04 09:30:00-04:00,62.689998626708984,62.689998626708984,62.689998626708984,62.689998626708984,0,0.0,0.0,0.0
2022-05-05 09:30:00-04:00,61.369998931884766,61.369998931884766,61.369998931884766,61.369998931884766,0,0.0,0.0,0.0
2022-05-06 09:30:00-04:00,61.06999969482422,61.06999969482422,61.06999969482422,61.06999969482422,0,0.0,0.0,0.0
2022-05-09 09:30:00-04:00,59.65999984741211,59.65999984741211,59.65999984741211,59.65999984741211,0,0.0,0.0,0.0
2022-05-10 09:30:00-04:00,59.70000076293945,59.70000076293945,59.70000076293945,59.70000076293945,0,0.0,0.0,0.0
2022-05-11 09:30:00-04:00,59.43000030517578,59.43000030517578,59.43000030517578,59.43000030517578,0,0.0,0.0,0.0
2022-05-12 09:30:00-04:00,59.34000015258789,59.34000015258789,59.34000015258789,59.34000015258789,0,0.0,0.0,0.0
2022-05-13 09:30:00-04:00,60.11000061035156,60.11000061035156,60.11000061035156,60.11000061035156,0,0.0,0.0,0.0
2022-05-16 09:30:00-04:00,60.34000015258789,60.34000015258789,60.34000015258789,60.34000015258789,0,0.0,0.0,0.0
2022-05-17 09:30:00-04:00,61.13999938964844,61.13999938964844,61.13999938964844,61.13999938964844,0,0.0,0.0,0.0
2022-05-18 09:30:00-04:00,59.83000183105469,59.83000183105469,59.83000183105469,59.83000183105469,0,0.0,0.0,0.0
2022-05-19 09:30:00-04:00,59.880001068115234,59.880001068115234,59.880001068115234,59.880001068115234,0,0.0,0.0,0.0
2022-05-20 09:30:00-04:00,60.029998779296875,60.029998779296875,60.029998779296875,60.029998779296875,0,0.0,0.0,0.0
2022-05-23 09:30:00-04:00,60.900001525878906,60.900001525878906,60.900001525878906,60.900001525878906,0,0.0,0.0,0.0
2022-05-24 09:30:00-04:00,60.84000015258789,60.84000015258789,60.84000015258789,60.84000015258789,0,0.0,0.0,0.0
2022-05-25 09:30:00-04:00,61.11000061035156,61.11000061035156,61.11000061035156,61.11000061035156,0,0.0,0.0,0.0
2022-05-26 09:30:00-04:00,61.709999084472656,61.709999084472656,61.709999084472656,61.709999084472656,0,0.0,0.0,0.0
2022-05-27 09:30:00-04:00,62.38999938964844,62.38999938964844,62.38999938964844,62.38999938964844,0,0.0,0.0,0.0
2022-05-31 09:30:00-04:00,62.150001525878906,62.150001525878906,62.150001525878906,62.150001525878906,0,0.0,0.0,0.0
2022-06-01 09:30:00-04:00,61.90999984741211,61.90999984741211,61.90999984741211,61.90999984741211,0,0.0,0.0,0.0
2022-06-02 09:30:00-04:00,62.709999084472656,62.709999084472656,62.709999084472656,62.709999084472656,0,0.0,0.0,0.0
2022-06-03 09:30:00-04:00,62.04999923706055,62.04999923706055,62.04999923706055,62.04999923706055,0,0.0,0.0,0.0
2022-06-06 09:30:00-04:00,62.18000030517578,62.18000030517578,62.18000030517578,62.18000030517578,0,0.0,0.0,0.0
2022-06-07 09:30:00-04:00,62.560001373291016,62.560001373291016,62.560001373291016,62.560001373291016,0,0.0,0.0,0.0
2022-06-08 09:30:00-04:00,62.099998474121094,62.099998474121094,62.099998474121094,62.099998474121094,0,0.0,0.0,0.0
2022-06-09 09:30:00-04:00,61.0,61.0,61.0,61.0,0,0.0,0.0,0.0
2022-06-10 09:30:00-04:00,60.18000030517578,60.18000030517578,60.18000030517578,60.18000030517578,0,0.0,0.0,0.0
2022-06-13 09:30:00-04:00,58.349998474121094,58.349998474121094,58.349998474121094,58.349998474121094,0,0.0,0.0,0.0
2022-06-14 09:30:00-04:00,58.11000061035156,58.11000061035156,58.11000061035156,58.11000061035156,0,0.0,0.0,0.0
2022-06-15 09:30:00-04:00,58.560001373291016,58.560001373291016,58.560001373291016,58.560001373291016,0,0.0,0.0,0.0
2022-06-16 09:30:00-04:00,57.56999969482422,57.56999969482422,57.56999969482422,57.56999969482422,0,0.0,0.0,0.0
2022-06-17 09:30:00-04:00,57.290000915527344,57.290000915527344,57.290000915527344,57.290000915527344,0,0.0,0.0,0.0
2022-06-21 09:30:00-04:00,57.97999954223633,57.97999954223633,57.97999954223633,57.97999954223633,0,0.0,0.0,0.0
2022-06-22 09:30:00-04:00,57.720001220703125,57.720001220703125,57.720001220703125,57.720001220703125,0,0.0,0.0,0.0
2022-06-23 09:30:00-04:00,57.56999969482422,57.56999969482422,57.56999969482422,57.56999969482422,0,0.0,0.0,0.0
2022-06-24 09:30:00-04:00,58.86000061035156,58.86000061035156,58.86000061035156,58.86000061035156,0,0.0,0.0,0.0
2022-06-27 09:30:00-04:00,59.0,59.0,59.0,59.0,0,0.0,0.0,0.0
2022-06-28 09:30:00-04:00,58.58000183105469,58.58000183105469,58.58000183105469,58.58000183105469,0,0.0,0.0,0.0
2022-06-29 09:30:00-04:00,58.38999938964844,58.38999938964844,58.38999938964844,58.38999938964844,0,0.0,0.0,0.0
2022-06-30 09:30:00-04:00,57.90999984741211,57.90999984741211,57.90999984741211,57.90999984741211,0,0.0,0.0,0.0
2022-07-01 09:30:00-04:00,58.310001373291016,58.310001373291016,58.310001373291016,58.310001373291016,0,0.0,0.0,0.0
2022-07-05 09:30:00-04:00,57.689998626708984,57.689998626708984,57.689998626708984,57.689998626708984,0,0.0,0.0,0.0
2022-07-06 09:30:00-04:00,57.439998626708984,57.439998626708984,57.439998626708984,57.439998626708984,0,0.0,0.0,0.0
2022-07-07 09:30:00-04:00,58.04999923706055,58.04999923706055,58.04999923706055,58.04999923706055,0,0.0,0.0,0.0
2022-07-08 09:30:00-04:00,58.0099983215332,58.0099983215332,58.0099983215332,58.0099983215332,0,0.0,0.0,0.0
2022-07-11 09:30:00-04:00,57.33000183105469,57.33000183105469,57.33000183105469,57.33000183105469,0,0.0,0.0,0.0
2022-07-12 09:30:00-04:00,57.04999923706055,57.04999923706055,57.04999923706055,57.04999923706055,0,0.0,0.0,0.0
2022-07-13 09:30:00-04:00,56.91999816894531,56.91999816894531,56.91999816894531,56.91999816894531,0,0.0,0.0,0.0
2022-07-14 09:30:00-04:00,56.22999954223633,56.22999954223633,56.22999954223633,56.22999954223633,0,0.0,0.0,0.0
2022-07-15 09:30:00-04:00,56.90999984741211,56.90999984741211,56.90999984741211,56.90999984741211,0,0.0,0.0,0.0
2022-07-18 09:30:00-04:00,56.970001220703125,56.970001220703125,56.970001220703125,56.970001220703125,0,0.0,0.0,0.0
2022-07-19 09:30:00-04:00,58.16999816894531,58.16999816894531,58.16999816894531,58.16999816894531,0,0.0,0.0,0.0
2022-07-20 09:30:00-04:00,57.970001220703125,57.970001220703125,57.970001220703125,57.970001220703125,0,0.0,0.0,0.0
2022-07-21 09:30:00-04:00,58.40999984741211,58.40999984741211,58.40999984741211,58.40999984741211,0,0.0,0.0,0.0
2022-07-22 09:30:00-04:00,58.31999969482422,58.31999969482422,58.31999969482422,58.31999969482422,0,0.0,0.0,0.0
2022-07-25 09:30:00-04:00,58.459999084472656,58.459999084472656,58.459999084472656,58.459999084472656,0,0.0,0.0,0.0
2022-07-26 09:30:00-04:00,58.13999938964844,58.13999938964844,58.13999938964844,58.13999938964844,0,0.0,0.0,0.0
2022-07-27 09:30:00-04:00,59.09000015258789,59.09000015258789,59.09000015258789,59.09000015258789,0,0.0,0.0,0.0
2022-07-28 09:30:00-04:00,59.5,59.5,59.5,59.5,0,0.0,0.0,0.0
2022-07-29 09:30:00-04:00,59.970001220703125,59.970001220703125,59.970001220703125,59.970001220703125,0,0.0,0.0,0.0
2022-08-01 09:30:00-04:00,59.86000061035156,59.86000061035156,59.86000061035156,59.86000061035156,0,0.0,0.0,0.0
2022-08-02 09:30:00-04:00,59.33000183105469,59.33000183105469,59.33000183105469,59.33000183105469,0,0.0,0.0,0.0
2022-08-03 09:30:00-04:00,59.63999938964844,59.63999938964844,59.63999938964844,59.63999938964844,0,0.0,0.0,0.0
2022-08-04 09:30:00-04:00,59.630001068115234,59.630001068115234,59.630001068115234,59.630001068115234,0,0.0,0.0,0.0
2022-08-05 09:30:00-04:00,59.400001525878906,59.400001525878906,59.400001525878906,59.400001525878906,0,0.0,0.0,0.0
2022-08-08 09:30:00-04:00,59.47999954223633,59.47999954223633,59.47999954223633,59.47999954223633,0,0.0,0.0,0.0
2022-08-09 09:30:00-04:00,59.43000030517578,59.43000030517578,59.43000030517578,59.43000030517578,0,0.0,0.0,0.0
2022-08-10 09:30:00-04:00,60.290000915527344,60.290000915527344,60.290000915527344,60.290000915527344,0,0.0,0.0,0.0
2022-08-11 09:30:00-04:00,60.470001220703125,60.470001220703125,60.470001220703125,60.470001220703125,0,0.0,0.0,0.0
2022-08-12 09:30:00-04:00,61.0099983215332,61.0099983215332,61.0099983215332,61.0099983215332,0,0.0,0.0,0.0
2022-08-15 09:30:00-04:00,60.810001373291016,60.810001373291016,60.810001373291016,60.810001373291016,0,0.0,0.0,0.0
2022-08-16 09:30:00-04:00,60.77000045776367,60.77000045776367,60.77000045776367,60.77000045776367,0,0.0,0.0,0.0
2022-08-17 09:30:00-04:00,60.29999923706055,60.29999923706055,60.29999923706055,60.29999923706055,0,0.0,0.0,0.0
2022-08-18 09:30:00-04:00,60.34000015258789,60.34000015258789,60.34000015258789,60.34000015258789,0,0.0,0.0,0.0
2022-08-19 09:30:00-04:00,59.81999969482422,59.81999969482422,59.81999969482422,59.81999969482422,0,0.0,0.0,0.0
2022-08-22 09:30:00-04:00,59.04999923706055,59.04999923706055,59.04999923706055,59.04999923706055,0,0.0,0.0,0.0
2022-08-23 09:30:00-04:00,59.209999084472656,59.209999084472656,59.209999084472656,59.209999084472656,0,0.0,0.0,0.0
2022-08-24 09:30:00-04:00,59.41999816894531,59.41999816894531,59.41999816894531,59.41999816894531,0,0.0,0.0,0.0
2022-08-25 09:30:00-04:00,59.970001220703125,59.970001220703125,59.970001220703125,59.970001220703125,0,0.0,0.0,0.0
2022-08-26 09:30:00-04:00,58.66999816894531,58.66999816894531,58.66999816894531,58.66999816894531,0,0.0,0.0,0.0
2022-08-29 09:30:00-04:00,58.47999954223633,58.47999954223633,58.47999954223633,58.47999954223633,0,0.0,0.0,0.0
2022-08-30 09:30:00-04:00,57.95000076293945,57.95000076293945,57.95000076293945,57.95000076293945,0,0.0,0.0,0.0
2022-08-31 09:30:00-04:00,57.650001525878906,57.650001525878906,57.650001525878906,57.650001525878906,0,0.0,0.0,0.0
2022-09-01 09:30:00-04:00,57.29999923706055,57.29999923706055,57.29999923706055,57.29999923706055,0,0.0,0.0,0.0
2022-09-02 09:30:00-04:00,57.20000076293945,57.20000076293945,57.20000076293945,57.20000076293945,0,0.0,0.0,0.0
2022-09-06 09:30:00-04:00,56.84000015258789,56.84000015258789,56.84000015258789,56.84000015258789,0,0.0,0.0,0.0
2022-09-07 09:30:00-04:00,57.470001220703125,57.470001220703125,57.470001220703125,57.470001220703125,0,0.0,0.0,0.0
2022-09-08 09:30:00-04:00,57.61000061035156,57.61000061035156,57.61000061035156,57.61000061035156,0,0.0,0.0,0.0
2022-09-09 09:30:00-04:00,58.47999954223633,58.47999954223633,58.47999954223633,58.47999954223633,0,0.0,0.0,0.0
2022-09-12 09:30:00-04:00,58.959999084472656,58.959999084472656,58.959999084472656,58.959999084472656,0,0.0,0.0,0.0
2022-09-13 09:30:00-04:00,57.27000045776367,57.27000045776367,57.27000045776367,57.27000045776367,0,0.0,0.0,0.0
2022-09-14 09:30:00-04:00,57.189998626708984,57.189998626708984,57.189998626708984,57.189998626708984,0,0.0,0.0,0.0
2022-09-15 09:30:00-04:00,56.650001525878906,56.650001525878906,56.650001525878906,56.650001525878906,0,0.0,0.0,0.0
2022-09-16 09:30:00-04:00,56.369998931884766,56.369998931884766,56.369998931884766,56.369998931884766,0,0.0,0.0,0.0
2022-09-19 09:30:00-04:00,56.66999816894531,56.66999816894531,56.66999816894531,56.66999816894531,0,0.0,0.0,0.0
2022-09-20 09:30:00-04:00,56.040000915527344,56.040000915527344,56.040000915527344,56.040000915527344,0,0.0,0.0,0.0
2022-09-21 09:30:00-04:00,55.459999084472656,55.459999084472656,55.459999084472656,55.459999084472656,0,0.0,0.0,0.0
2022-09-22 09:30:00-04:00,55.25,55.25,55.25,55.25,0,0.0,0.0,0.0
2022-09-23 09:30:00-04:00,53.95000076293945,53.95000076293945,53.95000076293945,53.95000076293945,0,0.0,0.0,0.0
2022-09-26 09:30:00-04:00,53.13999938964844,53.13999938964844,53.13999938964844,53.13999938964844,0,0.0,0.0,0.0
2022-09-27 09:30:00-04:00,53.0099983215332,53.0099983215332,53.0099983215332,53.0099983215332,0,0.0,0.0,0.0
2022-09-28 09:30:00-04:00,54.02000045776367,54.02000045776367,54.02000045776367,54.02000045776367,0,0.0,0.0,0.0
2022-09-29 09:30:00-04:00,53.58000183105469,53.58000183105469,53.58000183105469,53.58000183105469,0,0.0,0.0,0.0
2022-09-30 09:30:00-04:00,53.25,53.25,53.25,53.25,0,0.0,0.0,0.0
2022-10-03 09:30:00-04:00,54.63999938964844,54.63999938964844,54.63999938964844,54.63999938964844,0,0.0,0.0,0.0
2022-10-04 09:30:00-04:00,56.08000183105469,56.08000183105469,56.08000183105469,56.08000183105469,0,0.0,0.0,0.0
2022-10-05 09:30:00-04:00,55.939998626708984,55.939998626708984,55.939998626708984,55.939998626708984,0,0.0,0.0,0.0
2022-10-06 09:30:00-04:00,55.599998474121094,55.599998474121094,55.599998474121094,55.599998474121094,0,0.0,0.0,0.0
2022-10-07 09:30:00-04:00,54.59000015258789,54.59000015258789,54.59000015258789,54.59000015258789,0,0.0,0.0,0.0
2022-10-10 09:30:00-04:00,54.15999984741211,54.15999984741211,54.15999984741211,54.15999984741211,0,0.0,0.0,0.0
2022-10-11 09:30:00-04:00,53.86000061035156,53.86000061035156,53.86000061035156,53.86000061035156,0,0.0,0.0,0.0
2022-10-12 09:30:00-04:00,53.779998779296875,53.779998779296875,53.779998779296875,53.779998779296875,0,0.0,0.0,0.0
2022-10-13 09:30:00-04:00,54.650001525878906,54.650001525878906,54.650001525878906,54.650001525878906,0,0.0,0.0,0.0
2022-10-14 09:30:00-04:00,53.68000030517578,53.68000030517578,53.68000030517578,53.68000030517578,0,0.0,0.0,0.0
2022-10-17 09:30:00-04:00,54.650001525878906,54.650001525878906,54.650001525878906,54.650001525878906,0,0.0,0.0,0.0
2022-10-18 09:30:00-04:00,54.959999084472656,54.959999084472656,54.959999084472656,54.959999084472656,0,0.0,0.0,0.0
2022-10-19 09:30:00-04:00,54.56999969482422,54.56999969482422,54.56999969482422,54.56999969482422,0,0.0,0.0,0.0
2022-10-20 09:30:00-04:00,54.54999923706055,54.54999923706055,54.54999923706055,54.54999923706055,0,0.0,0.0,0.0
2022-10-21 09:30:00-04:00,55.540000915527344,55.540000915527344,55.540000915527344,55.540000915527344,0,0.0,0.0,0.0
2022-10-24 09:30:00-04:00,55.63999938964844,55.63999938964844,55.63999938964844,55.63999938964844,0,0.0,0.0,0.0
2022-10-25 09:30:00-04:00,56.209999084472656,56.209999084472656,56.209999084472656,56.209999084472656,0,0.0,0.0,0.0
2022-10-26 09:30:00-04:00,56.47999954223633,56.47999954223633,56.47999954223633,56.47999954223633,0,0.0,0.0,0.0
2022-10-27 09:30:00-04:00,56.189998626708984,56.189998626708984,56.189998626708984,56.189998626708984,0,0.0,0.0,0.0
2022-10-28 09:30:00-04:00,56.77000045776367,56.77000045776367,56.77000045776367,56.77000045776367,0,0.0,0.0,0.0
2022-10-31 09:30:00-04:00,56.56999969482422,56.56999969482422,56.56999969482422,56.56999969482422,0,0.0,0.0,0.0
2022-11-01 09:30:00-04:00,56.779998779296875,56.779998779296875,56.779998779296875,56.779998779296875,0,0.0,0.0,0.0
2022-11-02 09:30:00-04:00,55.7599983215332,55.7599983215332,55.7599983215332,55.7599983215332,0,0.0,0.0,0.0
2022-11-03 09:30:00-04:00,55.349998474121094,55.349998474121094,55.349998474121094,55.349998474121094,0,0.0,0.0,0.0
2022-11-04 09:30:00-04:00,56.630001068115234,56.630001068115234,56.630001068115234,56.630001068115234,0,0.0,0.0,0.0
2022-11-07 09:30:00-05:00,56.970001220703125,56.970001220703125,56.970001220703125,56.970001220703125,0,0.0,0.0,0.0
2022-11-08 09:30:00-05:00,57.439998626708984,57.439998626708984,57.439998626708984,57.439998626708984,0,0.0,0.0,0.0
2022-11-09 09:30:00-05:00,56.790000915527344,56.790000915527344,56.790000915527344,56.790000915527344,0,0.0,0.0,0.0
2022-11-10 09:30:00-05:00,58.880001068115234,58.880001068115234,58.880001068115234,58.880001068115234,0,0.0,0.0,0.0
2022-11-11 09:30:00-05:00,59.66999816894531,59.66999816894531,59.66999816894531,59.66999816894531,0,0.0,0.0,0.0
2022-11-14 09:30:00-05:00,59.33000183105469,59.33000183105469,59.33000183105469,59.33000183105469,0,0.0,0.0,0.0
2022-11-15 09:30:00-05:00,59.84000015258789,59.84000015258789,59.84000015258789,59.84000015258789,0,0.0,0.0,0.0
2022-11-16 09:30:00-05:00,59.40999984741211,59.40999984741211,59.40999984741211,59.40999984741211,0,0.0,0.0,0.0
2022-11-17 09:30:00-05:00,59.29999923706055,59.29999923706055,59.29999923706055,59.29999923706055,0,0.0,0.0,0.0
2022-11-18 09:30:00-05:00,59.5099983215332,59.5099983215332,59.5099983215332,59.5099983215332,0,0.0,0.0,0.0
2022-11-21 09:30:00-05:00,59.25,59.25,59.25,59.25,0,0.0,0.0,0.0
2022-11-22 09:30:00-05:00,59.97999954223633,59.97999954223633,59.97999954223633,59.97999954223633,0,0.0,0.0,0.0
2022-11-23 09:30:00-05:00,60.310001373291016,60.310001373291016,60.310001373291016,60.310001373291016,0,0.0,0.0,0.0
2022-11-25 09:30:00-05:00,60.470001220703125,60.470001220703125,60.470001220703125,60.470001220703125,0,0.0,0.0,0.0
2022-11-28 09:30:00-05:00,59.72999954223633,59.72999954223633,59.72999954223633,59.72999954223633,0,0.0,0.0,0.0
2022-11-29 09:30:00-05:00,60.0,60.0,60.0,60.0,0,0.0,0.0,0.0
2022-11-30 09:30:00-05:00,61.18000030517578,61.18000030517578,61.18000030517578,61.18000030517578,0,0.0,0.0,0.0
2022-12-01 09:30:00-05:00,59.040000915527344,59.040000915527344,59.040000915527344,59.040000915527344,0,0.0,0.0,0.0
2022-12-02 09:30:00-05:00,58.97999954223633,58.97999954223633,58.97999954223633,58.97999954223633,0,0.0,0.0,0.0
2022-12-05 09:30:00-05:00,57.970001220703125,57.970001220703125,57.970001220703125,57.970001220703125,0,0.0,0.0,0.0
2022-12-06 09:30:00-05:00,57.63999938964844,57.63999938964844,57.63999938964844,57.63999938964844,0,0.0,0.0,0.0
2022-12-07 09:30:00-05:00,57.70000076293945,57.70000076293945,57.70000076293945,57.70000076293945,0,0.0,0.0,0.0
2022-12-08 09:30:00-05:00,57.95000076293945,57.95000076293945,57.95000076293945,57.95000076293945,0,0.0,0.0,0.0
2022-12-09 09:30:00-05:00,57.72999954223633,57.72999954223633,57.72999954223633,57.72999954223633,0,0.0,0.0,0.0
2022-12-12 09:30:00-05:00,58.04999923706055,58.04999923706055,58.04999923706055,58.04999923706055,0,0.0,0.0,0.0
2022-12-13 09:30:00-05:00,58.59000015258789,58.59000015258789,58.59000015258789,58.59000015258789,0,0.0,0.0,0.0
2022-12-14 09:30:00-05:00,58.52000045776367,58.52000045776367,58.52000045776367,58.52000045776367,0,0.0,0.0,0.0
2022-12-15 09:30:00-05:00,57.400001525878906,57.400001525878906,57.400001525878906,57.400001525878906,0,0.0,0.0,0.0
2022-12-16 09:30:00-05:00,57.13999938964844,57.13999938964844,57.13999938964844,57.13999938964844,0,0.0,0.0,0.0
2022-12-19 09:30:00-05:00,57.04999923706055,57.04999923706055,57.04999923706055,57.04999923706055,0,0.0,0.0,0.0
2022-12-20 09:30:00-05:00,57.5,57.5,57.5,57.5,0,0.0,0.0,0.0
2022-12-21 09:30:00-05:00,58.0099983215332,58.0099983215332,58.0099983215332,58.0099983215332,0,0.0,0.0,0.0
2022-12-22 09:30:00-05:00,57.56999969482422,57.56999969482422,57.56999969482422,57.56999969482422,0,0.0,0.0,0.0
2022-12-23 09:30:00-05:00,57.88999938964844,57.88999938964844,57.88999938964844,57.88999938964844,0,0.0,0.0,0.0
2022-12-27 09:30:00-05:00,58.040000915527344,58.040000915527344,58.040000915527344,58.040000915527344,0,0.0,0.0,0.0
2022-12-28 09:30:00-05:00,57.47999954223633,57.47999954223633,57.47999954223633,57.47999954223633,0,0.0,0.0,0.0
2022-12-29 09:30:00-05:00,58.130001068115234,58.130001068115234,58.130001068115234,58.130001068115234,0,0.0,0.0,0.0
2022-12-30 09:30:00-05:00,57.970001220703125,57.970001220703125,57.970001220703125,57.970001220703125,0,0.0,0.0,0.0
2023-01-03 09:30:00-05:00,58.18000030517578,58.18000030517578,58.18000030517578,58.18000030517578,0,0.0,0.0,0.0
2023-01-04 09:30:00-05:00,58.83000183105469,58.83000183105469,58.83000183105469,58.83000183105469,0,0.0,0.0,0.0
2023-01-05 09:30:00-05:00,58.5,58.5,58.5,58.5,0,0.0,0.0,0.0
2023-01-06 09:30:00-05:00,59.709999084472656,59.709999084472656,59.709999084472656,59.709999084472656,0,0.0,0.0,0.0
2023-01-09 09:30:00-05:00,59.790000915527344,59.790000915527344,59.790000915527344,59.790000915527344,0,0.0,0.0,0.0
2023-01-10 09:30:00-05:00,59.959999084472656,59.959999084472656,59.959999084472656,59.959999084472656,0,0.0,0.0,0.0
2023-01-11 09:30:00-05:00,60.33000183105469,60.33000183105469,60.33000183105469,60.33000183105469,0,0.0,0.0,0.0
2023-01-12 09:30:00-05:00,60.86000061035156,60.86000061035156,60.86000061035156,60.86000061035156,0,0.0,0.0,0.0
2023-01-13 09:30:00-05:00,61.209999084472656,61.209999084472656,61.209999084472656,61.209999084472656,0,0.0,0.0,0.0
2023-01-17 09:30:00-05:00,61.11000061035156,61.11000061035156,61.11000061035156,61.11000061035156,0,0.0,0.0,0.0
2023-01-18 09:30:00-05:00,60.540000915527344,60.540000915527344,60.540000915527344,60.540000915527344,0,0.0,0.0,0.0
2023-01-19 09:30:00-05:00,60.58000183105469,60.58000183105469,60.58000183105469,60.58000183105469,0,0.0,0.0,0.0
2023-01-20 09:30:00-05:00,61.16999816894531,61.16999816894531,61.16999816894531,61.16999816894531,0,0.0,0.0,0.0
2023-01-23 09:30:00-05:00,61.470001220703125,61.470001220703125,61.470001220703125,61.470001220703125,0,0.0,0.0,0.0
2023-01-24 09:30:00-05:00,61.5,61.5,61.5,61.5,0,0.0,0.0,0.0
2023-01-25 09:30:00-05:00,61.79999923706055,61.79999923706055,61.79999923706055,61.79999923706055,0,0.0,0.0,0.0
2023-01-26 09:30:00-05:00,62.04999923706055,62.04999923706055,62.04999923706055,62.04999923706055,0,0.0,0.0,0.0
2023-01-27 09:30:00-05:00,61.93000030517578,61.93000030517578,61.93000030517578,61.93000030517578,0,0.0,0.0,0.0
2023-01-30 09:30:00-05:00,61.459999084472656,61.459999084472656,61.459999084472656,61.459999084472656,0,0.0,0.0,0.0
2023-01-31 09:30:00-05:00,62.0099983215332,62.0099983215332,62.0099983215332,62.0099983215332,0,0.0,0.0,0.0
2023-02-01 09:30:00-05:00,62.5,62.5,62.5,62.5,0,0.0,0.0,0.0
2023-02-02 09:30:00-05:00,62.36000061035156,62.36000061035156,62.36000061035156,62.36000061035156,0,0.0,0.0,0.0
2023-02-03 09:30:00-05:00,61.689998626708984,61.689998626708984,61.689998626708984,61.689998626708984,0,0.0,0.0,0.0
2023-02-06 09:30:00-05:00,61.27000045776367,61.27000045776367,61.27000045776367,61.27000045776367,0,0.0,0.0,0.0
2023-02-07 09:30:00-05:00,61.720001220703125,61.720001220703125,61.720001220703125,61.720001220703125,0,0.0,0.0,0.0
2023-02-08 09:30:00-05:00,61.36000061035156,61.36000061035156,61.36000061035156,61.36000061035156,0,0.0,0.0,0.0
2023-02-09 09:30:00-05:00,61.0,61.0,61.0,61.0,0,0.0,0.0,0.0
2023-02-10 09:30:00-05:00,61.27000045776367,61.27000045776367,61.27000045776367,61.27000045776367,0,0.0,0.0,0.0
2023-02-13 09:30:00-05:00,61.70000076293945,61.70000076293945,61.70000076293945,61.70000076293945,0,0.0,0.0,0.0
2023-02-14 09:30:00-05:00,61.599998474121094,61.599998474121094,61.599998474121094,61.599998474121094,0,0.0,0.0,0.0
2023-02-15 09:30:00-05:00,61.38999938964844,61.38999938964844,61.38999938964844,61.38999938964844,0,0.0,0.0,0.0
2023-02-16 09:30:00-05:00,61.13999938964844,61.13999938964844,61.13999938964844,61.13999938964844,0,0.0,0.0,0.0
2023-02-17 09:30:00-05:00,60.939998626708984,60.939998626708984,60.939998626708984,60.939998626708984,0,0.0,0.0,0.0
2023-02-21 09:30:00-05:00,60.27000045776367,60.27000045776367,60.27000045776367,60.27000045776367,0,0.0,0.0,0.0
2023-02-22 09:30:00-05:00,60.099998474121094,60.099998474121094,60.099998474121094,60.099998474121094,0,0.0,0.0,0.0
2023-02-23 09:30:00-05:00,60.290000915527344,60.290000915527344,60.290000915527344,60.290000915527344,0,0.0,0.0,0.0
2023-02-24 09:30:00-05:00,59.779998779296875,59.779998779296875,59.779998779296875,59.779998779296875,0,0.0,0.0,0.0
2023-02-27 09:30:00-05:00,60.02000045776367,60.02000045776367,60.02000045776367,60.02000045776367,0,0.0,0.0,0.0
2023-02-28 09:30:00-05:00,59.779998779296875,59.779998779296875,59.779998779296875,59.779998779296875,0,0.0,0.0,0.0
2023-03-01 09:30:00-05:00,60.02000045776367,60.02000045776367,60.02000045776367,60.02000045776367,0,0.0,0.0,0.0
2023-03-02 09:30:00-05:00,60.290000915527344,60.290000915527344,60.290000915527344,60.290000915527344,0,0.0,0.0,0.0
2023-03-03 09:30:00-05:00,60.900001525878906,60.900001525878906,60.900001525878906,60.900001525878906,0,0.0,0.0,0.0
2023-03-06 09:30:00-05:00,60.7599983215332,60.7599983215332,60.7599983215332,60.7599983215332,0,0.0,0.0,0.0
2023-03-07 09:30:00-05:00,59.83000183105469,59.83000183105469,59.83000183105469,59.83000183105469,0,0.0,0.0,0.0
2023-03-08 09:30:00-05:00,59.95000076293945,59.95000076293945,59.95000076293945,59.95000076293945,0,0.0,0.0,0.0
2023-03-09 09:30:00-05:00,59.400001525878906,59.400001525878906,59.400001525878906,59.400001525878906,0,0.0,0.0,0.0
2023-03-10 09:30:00-05:00,58.93000030517578,58.93000030517578,58.93000030517578,58.93000030517578,0,0.0,0.0,0.0
2023-03-13 09:30:00-04:00,58.790000915527344,58.790000915527344,58.790000915527344,58.790000915527344,0,0.0,0.0,0.0
2023-03-14 09:30:00-04:00,59.189998626708984,59.189998626708984,59.189998626708984,59.189998626708984,0,0.0,0.0,0.0
2023-03-15 09:30:00-04:00,58.5,58.5,58.5,58.5,0,0.0,0.0,0.0
2023-03-16 09:30:00-04:00,59.09000015258789,59.09000015258789,59.09000015258789,59.09000015258789,0,0.0,0.0,0.0
2023-03-17 09:30:00-04:00,58.810001373291016,58.810001373291016,58.810001373291016,58.810001373291016,0,0.0,0.0,0.0
2023-03-20 09:30:00-04:00,59.41999816894531,59.41999816894531,59.41999816894531,59.41999816894531,0,0.0,0.0,0.0
2023-03-21 09:30:00-04:00,59.84000015258789,59.84000015258789,59.84000015258789,59.84000015258789,0,0.0,0.0,0.0
2023-03-22 09:30:00-04:00,59.650001525878906,59.650001525878906,59.650001525878906,59.650001525878906,0,0.0,0.0,0.0
2023-03-23 09:30:00-04:00,59.68000030517578,59.68000030517578,59.68000030517578,59.68000030517578,0,0.0,0.0,0.0
2023-03-24 09:30:00-04:00,59.68000030517578,59.68000030517578,59.68000030517578,59.68000030517578,0,0.0,0.0,0.0
2023-03-27 09:30:00-04:00,59.900001525878906,59.900001525878906,59.900001525878906,59.900001525878906,0,0.0,0.0,0.0
2023-03-28 09:30:00-04:00,60.20000076293945,60.20000076293945,60.20000076293945,60.20000076293945,0,0.0,0.0,0.0
2023-03-29 09:30:00-04:00,60.689998626708984,60.689998626708984,60.689998626708984,60.689998626708984,0,0.0,0.0,0.0
2023-03-30 09:30:00-04:00,61.0099983215332,61.0099983215332,61.0099983215332,61.0099983215332,0,0.0,0.0,0.0
2023-03-31 09:30:00-04:00,61.41999816894531,61.41999816894531,61.41999816894531,61.41999816894531,0,0.0,0.0,0.0
2023-04-03 09:30:00-04:00,61.84000015258789,61.84000015258789,61.84000015258789,61.84000015258789,0,0.0,0.0,0.0
2023-04-04 09:30:00-04:00,61.88999938964844,61.88999938964844,61.88999938964844,61.88999938964844,0,0.0,0.0,0.0
2023-04-05 09:30:00-04:00,61.779998779296875,61.779998779296875,61.779998779296875,61.779998779296875,0,0.0,0.0,0.0
2023-04-06 09:30:00-04:00,61.75,61.75,61.75,61.75,0,0.0,0.0,0.0
2023-04-10 09:30:00-04:00,61.650001525878906,61.650001525878906,61.650001525878906,61.650001525878906,0,0.0,0.0,0.0
2023-04-11 09:30:00-04:00,61.970001220703125,61.970001220703125,61.970001220703125,61.970001220703125,0,0.0,0.0,0.0
2023-04-12 09:30:00-04:00,62.02000045776367,62.02000045776367,62.02000045776367,62.02000045776367,0,0.0,0.0,0.0
2023-04-13 09:30:00-04:00,62.689998626708984,62.689998626708984,62.689998626708984,62.689998626708984,0,0.0,0.0,0.0
2023-04-14 09:30:00-04:00,62.459999084472656,62.459999084472656,62.459999084472656,62.459999084472656,0,0.0,0.0,0.0
2023-04-17 09:30:00-04:00,62.38999938964844,62.38999938964844,62.38999938964844,62.38999938964844,0,0.0,0.0,0.0
2023-04-18 09:30:00-04:00,62.540000915527344,62.540000915527344,62.540000915527344,62.540000915527344,0,0.0,0.0,0.0
2023-04-19 09:30:00-04:00,62.400001525878906,62.400001525878906,62.400001525878906,62.400001525878906,0,0.0,0.0,0.0
2023-04-20 09:30:00-04:00,62.34000015258789,62.34000015258789,62.34000015258789,62.34000015258789,0,0.0,0.0,0.0
2023-04-21 09:30:00-04:00,62.279998779296875,62.279998779296875,62.279998779296875,62.279998779296875,0,0.0,0.0,0.0
2023-04-24 09:30:00-04:00,62.43000030517578,62.43000030517578,62.43000030517578,62.43000030517578,0,0.0,0.0,0.0
2023-04-25 09:30:00-04:00,61.86000061035156,61.86000061035156,61.86000061035156,61.86000061035156,0,0.0,0.0,0.0
2023-04-26 09:30:00-04:00,61.52000045776367,61.52000045776367,61.52000045776367,61.52000045776367,0,0.0,0.0,0.0
2023-04-27 09:30:00-04:00,62.290000915527344,62.290000915527344,62.290000915527344,62.290000915527344,0,0.0,0.0,0.0
2023-04-28 09:30:00-04:00,62.56999969482422,62.56999969482422,62.56999969482422,62.56999969482422,0,0.0,0.0,0.0
2023-05-01 09:30:00-04:00,62.5,62.5,62.5,62.5,0,0.0,0.0,0.0
2023-05-02 09:30:00-04:00,62.13999938964844,62.13999938964844,62.13999938964844,62.13999938964844,0,0.0,0.0,0.0
2023-05-03 09:30:00-04:00,62.08000183105469,62.08000183105469,62.08000183105469,62.08000183105469,0,0.0,0.0,0.0
2023-05-04 09:30:00-04:00,61.88999938964844,61.88999938964844,61.88999938964844,61.88999938964844,0,0.0,0.0,0.0
2023-05-05 09:30:00-04:00,62.34000015258789,62.34000015258789,62.34000015258789,62.34000015258789,0,0.0,0.0,0.0
2023-05-08 09:30:00-04:00,62.369998931884766,62.369998931884766,62.369998931884766,62.369998931884766,0,0.0,0.0,0.0
2023-05-09 09:30:00-04:00,62.2599983215332,62.2599983215332,62.2599983215332,62.2599983215332,0,0.0,0.0,0.0
2023-05-10 09:30:00-04:00,62.18000030517578,62.18000030517578,62.18000030517578,62.18000030517578,0,0.0,0.0,0.0
2023-05-11 09:30:00-04:00,61.93000030517578,61.93000030517578,61.93000030517578,61.93000030517578,0,0.0,0.0,0.0
2023-05-12 09:30:00-04:00,61.79999923706055,61.79999923706055,61.79999923706055,61.79999923706055,0,0.0,0.0,0.0
2023-05-15 09:30:00-04:00,62.209999084472656,62.209999084472656,62.209999084472656,62.209999084472656,0,0.0,0.0,0.0
2023-05-16 09:30:00-04:00,61.65999984741211,61.65999984741211,61.65999984741211,61.65999984741211,0,0.0,0.0,0.0
2023-05-17 09:30:00-04:00,61.939998626708984,61.939998626708984,61.939998626708984,61.939998626708984,0,0.0,0.0,0.0
2023-05-18 09:30:00-04:00,61.939998626708984,61.939998626708984,61.939998626708984,61.939998626708984,0,0.0,0.0,0.0
2023-05-19 09:30:00-04:00,62.09000015258789,62.09000015258789,62.09000015258789,62.09000015258789,0,0.0,0.0,0.0
2023-05-22 09:30:00-04:00,62.09000015258789,62.09000015258789,62.09000015258789,62.09000015258789,0,0.0,0.0,0.0
2023-05-23 09:30:00-04:00,61.470001220703125,61.470001220703125,61.470001220703125,61.470001220703125,0,0.0,0.0,0.0
2023-05-24 09:30:00-04:00,60.959999084472656,60.959999084472656,60.959999084472656,60.959999084472656,0,0.0,0.0,0.0
2023-05-25 09:30:00-04:00,60.83000183105469,60.83000183105469,60.83000183105469,60.83000183105469,0,0.0,0.0,0.0
2023-05-26 09:30:00-04:00,61.09000015258789,61.09000015258789,61.09000015258789,61.09000015258789,0,0.0,0.0,0.0
2023-05-30 09:30:00-04:00,60.880001068115234,60.880001068115234,60.880001068115234,60.880001068115234,0,0.0,0.0,0.0
2023-05-31 09:30:00-04:00,60.529998779296875,60.529998779296875,60.529998779296875,60.529998779296875,0,0.0,0.0,0.0
2023-06-01 09:30:00-04:00,61.209999084472656,61.209999084472656,61.209999084472656,61.209999084472656,0,0.0,0.0,0.0
2023-06-02 09:30:00-04:00,61.779998779296875,61.779998779296875,61.779998779296875,61.779998779296875,0,0.0,0.0,0.0
2023-06-05 09:30:00-04:00,61.689998626708984,61.689998626708984,61.689998626708984,61.689998626708984,0,0.0,0.0,0.0
2023-06-06 09:30:00-04:00,62.0099983215332,62.0099983215332,62.0099983215332,62.0099983215332,0,0.0,0.0,0.0
2023-06-07 09:30:00-04:00,61.84000015258789,61.84000015258789,61.84000015258789,61.84000015258789,0,0.0,0.0,0.0
2023-06-08 09:30:00-04:00,62.130001068115234,62.130001068115234,62.130001068115234,62.130001068115234,0,0.0,0.0,0.0
2023-06-09 09:30:00-04:00,62.150001525878906,62.150001525878906,62.150001525878906,62.150001525878906,0,0.0,0.0,0.0
2023-06-12 09:30:00-04:00,62.4900016784668,62.4900016784668,62.4900016784668,62.4900016784668,0,0.0,0.0,0.0
2023-06-13 09:30:00-04:00,62.72999954223633,62.72999954223633,62.72999954223633,62.72999954223633,0,0.0,0.0,0.0
2023-06-14 09:30:00-04:00,62.880001068115234,62.880001068115234,62.880001068115234,62.880001068115234,0,0.0,0.0,0.0
2023-06-15 09:30:00-04:00,63.540000915527344,63.540000915527344,63.540000915527344,63.540000915527344,0,0.0,0.0,0.0
2023-06-16 09:30:00-04:00,63.47999954223633,63.47999954223633,63.47999954223633,63.47999954223633,0,0.0,0.0,0.0
2023-06-20 09:30:00-04:00,62.81999969482422,62.81999969482422,62.81999969482422,62.81999969482422,0,0.0,0.0,0.0
2023-06-21 09:30:00-04:00,62.869998931884766,62.869998931884766,62.869998931884766,62.869998931884766,0,0.0,0.0,0.0
2023-06-22 09:30:00-04:00,62.75,62.75,62.75,62.75,0,0.0,0.0,0.0
2023-06-23 09:30:00-04:00,62.29999923706055,62.29999923706055,62.29999923706055,62.29999923706055,0,0.0,0.0,0.0
2023-06-26 09:30:00-04:00,62.380001068115234,62.380001068115234,62.380001068115234,62.380001068115234,0,0.0,0.0,0.0
2023-06-27 09:30:00-04:00,62.880001068115234,62.880001068115234,62.880001068115234,62.880001068115234,0,0.0,0.0,0.0
2023-06-28 09:30:00-04:00,62.7400016784668,62.7400016784668,62.7400016784668,62.7400016784668,0,0.0,0.0,0.0
2023-06-29 09:30:00-04:00,62.7599983215332,62.7599983215332,62.7599983215332,62.7599983215332,0,0.0,0.0,0.0
2023-06-30 09:30:00-04:00,63.310001373291016,63.310001373291016,63.310001373291016,63.310001373291016,0,0.0,0.0,0.0
2023-07-03 09:30:00-04:00,63.380001068115234,63.380001068115234,63.380001068115234,63.380001068115234,0,0.0,0.0,0.0
2023-07-05 09:30:00-04:00,63.0,63.0,63.0,63.0,0,0.0,0.0,0.0
2023-07-06 09:30:00-04:00,62.38999938964844,62.38999938964844,62.38999938964844,62.38999938964844,0,0.0,0.0,0.0
2023-07-07 09:30:00-04:00,62.720001220703125,62.720001220703125,62.720001220703125,62.720001220703125,0,0.0,0.0,0.0
2023-07-10 09:30:00-04:00,62.93000030517578,62.93000030517578,62.93000030517578,62.93000030517578,0,0.0,0.0,0.0
2023-07-11 09:30:00-04:00,63.47999954223633,63.47999954223633,63.47999954223633,63.47999954223633,0,0.0,0.0,0.0
2023-07-12 09:30:00-04:00,64.12999725341797,64.12999725341797,64.12999725341797,64.12999725341797,0,0.0,0.0,0.0
2023-07-13 09:30:00-04:00,64.62999725341797,64.62999725341797,64.62999725341797,64.62999725341797,0,0.0,0.0,0.0
2023-07-14 09:30:00-04:00,64.33999633789062,64.33999633789062,64.33999633789062,64.33999633789062,0,0.0,0.0,0.0
2023-07-17 09:30:00-04:00,64.19999694824219,64.19999694824219,64.19999694824219,64.19999694824219,0,0.0,0.0,0.0
2023-07-18 09:30:00-04:00,64.58000183105469,64.58000183105469,64.58000183105469,64.58000183105469,0,0.0,0.0,0.0
2023-07-19 09:30:00-04:00,64.69999694824219,64.69999694824219,64.69999694824219,64.69999694824219,0,0.0,0.0,0.0
2023-07-20 09:30:00-04:00,64.33999633789062,64.33999633789062,64.33999633789062,64.33999633789062,0,0.0,0.0,0.0
2023-07-21 09:30:00-04:00,64.3499984741211,64.3499984741211,64.3499984741211,64.3499984741211,0,0.0,0.0,0.0
2023-07-24 09:30:00-04:00,64.36000061035156,64.36000061035156,64.36000061035156,64.36000061035156,0,0.0,0.0,0.0
2023-07-25 09:30:00-04:00,64.58999633789062,64.58999633789062,64.58999633789062,64.58999633789062,0,0.0,0.0,0.0
2023-07-26 09:30:00-04:00,64.61000061035156,64.61000061035156,64.61000061035156,64.61000061035156,0,0.0,0.0,0.0
2023-07-27 09:30:00-04:00,64.33000183105469,64.33000183105469,64.33000183105469,64.33000183105469,0,0.0,0.0,0.0
2023-07-28 09:30:00-04:00,64.70999908447266,64.70999908447266,64.70999908447266,64.70999908447266,0,0.0,0.0,0.0
2023-07-31 09:30:00-04:00,64.79000091552734,64.79000091552734,64.79000091552734,64.79000091552734,0,0.0,0.0,0.0
2023-08-01 09:30:00-04:00,64.33000183105469,64.33000183105469,64.33000183105469,64.33000183105469,0,0.0,0.0,0.0
2023-08-02 09:30:00-04:00,63.61000061035156,63.61000061035156,63.61000061035156,63.61000061035156,0,0.0,0.0,0.0
2023-08-03 09:30:00-04:00,63.400001525878906,63.400001525878906,63.400001525878906,63.400001525878906,0,0.0,0.0,0.0
2023-08-04 09:30:00-04:00,63.36000061035156,63.36000061035156,63.36000061035156,63.36000061035156,0,0.0,0.0,0.0
2023-08-07 09:30:00-04:00,63.779998779296875,63.779998779296875,63.779998779296875,63.779998779296875,0,0.0,0.0,0.0
2023-08-08 09:30:00-04:00,63.380001068115234,63.380001068115234,63.380001068115234,63.380001068115234,0,0.0,0.0,0.0
2023-08-09 09:30:00-04:00,63.2599983215332,63.2599983215332,63.2599983215332,63.2599983215332,0,0.0,0.0,0.0
2023-08-10 09:30:00-04:00,63.439998626708984,63.439998626708984,63.439998626708984,63.439998626708984,0,0.0,0.0,0.0
2023-08-11 09:30:00-04:00,63.349998474121094,63.349998474121094,63.349998474121094,63.349998474121094,0,0.0,0.0,0.0
2023-08-14 09:30:00-04:00,63.22999954223633,63.22999954223633,63.22999954223633,63.22999954223633,0,0.0,0.0,0.0
2023-08-15 09:30:00-04:00,62.61000061035156,62.61000061035156,62.61000061035156,62.61000061035156,0,0.0,0.0,0.0
2023-08-16 09:30:00-04:00,62.189998626708984,62.189998626708984,62.189998626708984,62.189998626708984,0,0.0,0.0,0.0
2023-08-17 09:30:00-04:00,61.97999954223633,61.97999954223633,61.97999954223633,61.97999954223633,0,0.0,0.0,0.0
2023-08-18 09:30:00-04:00,62.08000183105469,62.08000183105469,62.08000183105469,62.08000183105469,0,0.0,0.0,0.0
2023-08-21 09:30:00-04:00,62.119998931884766,62.119998931884766,62.119998931884766,62.119998931884766,0,0.0,0.0,0.0
2023-08-22 09:30:00-04:00,62.02000045776367,62.02000045776367,62.02000045776367,62.02000045776367,0,0.0,0.0,0.0
2023-08-23 09:30:00-04:00,62.599998474121094,62.599998474121094,62.599998474121094,62.599998474121094,0,0.0,0.0,0.0
2023-08-24 09:30:00-04:00,62.08000183105469,62.08000183105469,62.08000183105469,62.08000183105469,0,0.0,0.0,0.0
2023-08-25 09:30:00-04:00,62.290000915527344,62.290000915527344,62.290000915527344,62.290000915527344,0,0.0,0.0,0.0
2023-08-28 09:30:00-04:00,62.790000915527344,62.790000915527344,62.790000915527344,62.790000915527344,0,0.0,0.0,0.0
2023-08-29 09:30:00-04:00,63.439998626708984,63.439998626708984,63.439998626708984,63.439998626708984,0,0.0,0.0,0.0
2023-08-30 09:30:00-04:00,63.529998779296875,63.529998779296875,63.529998779296875,63.529998779296875,0,0.0,0.0,0.0
2023-08-31 09:30:00-04:00,63.22999954223633,63.22999954223633,63.22999954223633,63.22999954223633,0,0.0,0.0,0.0
2023-09-01 09:30:00-04:00,63.34000015258789,63.34000015258789,63.34000015258789,63.34000015258789,0,0.0,0.0,0.0
2023-09-05 09:30:00-04:00,62.959999084472656,62.959999084472656,62.959999084472656,62.959999084472656,0,0.0,0.0,0.0
2023-09-06 09:30:00-04:00,62.86000061035156,62.86000061035156,62.86000061035156,62.86000061035156,0,0.0,0.0,0.0
2023-09-07 09:30:00-04:00,62.70000076293945,62.70000076293945,62.70000076293945,62.70000076293945,0,0.0,0.0,0.0
2023-09-08 09:30:00-04:00,62.72999954223633,62.72999954223633,62.72999954223633,62.72999954223633,0,0.0,0.0,0.0
2023-09-11 09:30:00-04:00,63.04999923706055,63.04999923706055,63.04999923706055,63.04999923706055,0,0.0,0.0,0.0
2023-09-12 09:30:00-04:00,62.61000061035156,62.61000061035156,62.61000061035156,62.61000061035156,0,0.0,0.0,0.0
2023-09-13 09:30:00-04:00,62.470001220703125,62.470001220703125,62.470001220703125,62.470001220703125,0,0.0,0.0,0.0
2023-09-14 09:30:00-04:00,62.9900016784668,62.9900016784668,62.9900016784668,62.9900016784668,0,0.0,0.0,0.0
2023-09-15 09:30:00-04:00,62.83000183105469,62.83000183105469,62.83000183105469,62.83000183105469,0,0.0,0.0,0.0
2023-09-18 09:30:00-04:00,62.86000061035156,62.86000061035156,62.86000061035156,62.86000061035156,0,0.0,0.0,0.0
2023-09-19 09:30:00-04:00,62.779998779296875,62.779998779296875,62.779998779296875,62.779998779296875,0,0.0,0.0,0.0
2023-09-20 09:30:00-04:00,62.630001068115234,62.630001068115234,62.630001068115234,62.630001068115234,0,0.0,0.0,0.0
2023-09-21 09:30:00-04:00,61.900001525878906,61.900001525878906,61.900001525878906,61.900001525878906,0,0.0,0.0,0.0
2023-09-22 09:30:00-04:00,61.880001068115234,61.880001068115234,61.880001068115234,61.880001068115234,0,0.0,0.0,0.0
2023-09-25 09:30:00-04:00,61.790000915527344,61.790000915527344,61.790000915527344,61.790000915527344,0,0.0,0.0,0.0
2023-09-26 09:30:00-04:00,61.09000015258789,61.09000015258789,61.09000015258789,61.09000015258789,0,0.0,0.0,0.0
2023-09-27 09:30:00-04:00,60.970001220703125,60.970001220703125,60.970001220703125,60.970001220703125,0,0.0,0.0,0.0
2023-09-28 09:30:00-04:00,61.22999954223633,61.22999954223633,61.22999954223633,61.22999954223633,0,0.0,0.0,0.0
2023-09-29 09:30:00-04:00,60.900001525878906,60.900001525878906,60.900001525878906,60.900001525878906,0,0.0,0.0,0.0
2023-10-02 09:30:00-04:00,60.5099983215332,60.5099983215332,60.5099983215332,60.5099983215332,0,0.0,0.0,0.0
2023-10-03 09:30:00-04:00,59.970001220703125,59.970001220703125,59.970001220703125,59.970001220703125,0,0.0,0.0,0.0
2023-10-04 09:30:00-04:00,59.95000076293945,59.95000076293945,59.95000076293945,59.95000076293945,0,0.0,0.0,0.0
2023-10-05 09:30:00-04:00,60.0099983215332,60.0099983215332,60.0099983215332,60.0099983215332,0,0.0,0.0,0.0
2023-10-06 09:30:00-04:00,60.40999984741211,60.40999984741211,60.40999984741211,60.40999984741211,0,0.0,0.0,0.0
2023-10-09 09:30:00-04:00,60.849998474121094,60.849998474121094,60.849998474121094,60.849998474121094,0,0.0,0.0,0.0
2023-10-10 09:30:00-04:00,61.31999969482422,61.31999969482422,61.31999969482422,61.31999969482422,0,0.0,0.0,0.0
2023-10-11 09:30:00-04:00,61.38999938964844,61.38999938964844,61.38999938964844,61.38999938964844,0,0.0,0.0,0.0
2023-10-12 09:30:00-04:00,60.959999084472656,60.959999084472656,60.959999084472656,60.959999084472656,0,0.0,0.0,0.0
2023-10-13 09:30:00-04:00,61.02000045776367,61.02000045776367,61.02000045776367,61.02000045776367,0,0.0,0.0,0.0
2023-10-16 09:30:00-04:00,61.40999984741211,61.40999984741211,61.40999984741211,61.40999984741211,0,0.0,0.0,0.0
2023-10-17 09:30:00-04:00,61.66999816894531,61.66999816894531,61.66999816894531,61.66999816894531,0,0.0,0.0,0.0
2023-10-18 09:30:00-04:00,61.27000045776367,61.27000045776367,61.27000045776367,61.27000045776367,0,0.0,0.0,0.0
2023-10-19 09:30:00-04:00,61.0099983215332,61.0099983215332,61.0099983215332,61.0099983215332,0,0.0,0.0,0.0
2023-10-20 09:30:00-04:00,60.459999084472656,60.459999084472656,60.459999084472656,60.459999084472656,0,0.0,0.0,0.0
2023-10-23 09:30:00-04:00,60.36000061035156,60.36000061035156,60.36000061035156,60.36000061035156,0,0.0,0.0,0.0
2023-10-24 09:30:00-04:00,60.40999984741211,60.40999984741211,60.40999984741211,60.40999984741211,0,0.0,0.0,0.0
2023-10-25 09:30:00-04:00,59.86000061035156,59.86000061035156,59.86000061035156,59.86000061035156,0,0.0,0.0,0.0
2023-10-26 09:30:00-04:00,59.599998474121094,59.599998474121094,59.599998474121094,59.599998474121094,0,0.0,0.0,0.0
2023-10-27 09:30:00-04:00,59.41999816894531,59.41999816894531,59.41999816894531,59.41999816894531,0,0.0,0.0,0.0
2023-10-30 09:30:00-04:00,59.810001373291016,59.810001373291016,59.810001373291016,59.810001373291016,0,0.0,0.0,0.0
2023-10-31 09:30:00-04:00,59.97999954223633,59.97999954223633,59.97999954223633,59.97999954223633,0,0.0,0.0,0.0
2023-11-01 09:30:00-04:00,60.439998626708984,60.439998626708984,60.439998626708984,60.439998626708984,0,0.0,0.0,0.0
2023-11-02 09:30:00-04:00,61.15999984741211,61.15999984741211,61.15999984741211,61.15999984741211,0,0.0,0.0,0.0
2023-11-03 09:30:00-04:00,61.779998779296875,61.779998779296875,61.779998779296875,61.779998779296875,0,0.0,0.0,0.0
2023-11-06 09:30:00-05:00,61.619998931884766,61.619998931884766,61.619998931884766,61.619998931884766,0,0.0,0.0,0.0
2023-11-07 09:30:00-05:00,61.27000045776367,61.27000045776367,61.27000045776367,61.27000045776367,0,0.0,0.0,0.0
2023-11-08 09:30:00-05:00,61.0099983215332,61.0099983215332,61.0099983215332,61.0099983215332,0,0.0,0.0,0.0
2023-11-09 09:30:00-05:00,60.880001068115234,60.880001068115234,60.880001068115234,60.880001068115234,0,0.0,0.0,0.0
2023-11-10 09:30:00-05:00,61.209999084472656,61.209999084472656,61.209999084472656,61.209999084472656,0,0.0,0.0,0.0
2023-11-13 09:30:00-05:00,61.279998779296875,61.279998779296875,61.279998779296875,61.279998779296875,0,0.0,0.0,0.0
2023-11-14 09:30:00-05:00,62.369998931884766,62.369998931884766,62.369998931884766,62.369998931884766,0,0.0,0.0,0.0
2023-11-15 09:30:00-05:00,62.41999816894531,62.41999816894531,62.41999816894531,62.41999816894531,0,0.0,0.0,0.0
2023-11-16 09:30:00-05:00,62.290000915527344,62.290000915527344,62.290000915527344,62.290000915527344,0,0.0,0.0,0.0
2023-11-17 09:30:00-05:00,62.63999938964844,62.63999938964844,62.63999938964844,62.63999938964844,0,0.0,0.0,0.0
2023-11-20 09:30:00-05:00,62.86000061035156,62.86000061035156,62.86000061035156,62.86000061035156,0,0.0,0.0,0.0
2023-11-21 09:30:00-05:00,62.90999984741211,62.90999984741211,62.90999984741211,62.90999984741211,0,0.0,0.0,0.0
2023-11-22 09:30:00-05:00,63.04999923706055,63.04999923706055,63.04999923706055,63.04999923706055,0,0.0,0.0,0.0
2023-11-24 09:30:00-05:00,63.220001220703125,63.220001220703125,63.220001220703125,63.220001220703125,0,0.0,0.0,0.0
2023-11-27 09:30:00-05:00,63.150001525878906,63.150001525878906,63.150001525878906,63.150001525878906,0,0.0,0.0,0.0
2023-11-28 09:30:00-05:00,63.33000183105469,63.33000183105469,63.33000183105469,63.33000183105469,0,0.0,0.0,0.0
2023-11-29 09:30:00-05:00,63.209999084472656,63.209999084472656,63.209999084472656,63.209999084472656,0,0.0,0.0,0.0
2023-11-30 09:30:00-05:00,63.29999923706055,63.29999923706055,63.29999923706055,63.29999923706055,0,0.0,0.0,0.0
2023-12-01 09:30:00-05:00,63.86000061035156,63.86000061035156,63.86000061035156,63.86000061035156,0,0.0,0.0,0.0
2023-12-04 09:30:00-05:00,63.529998779296875,63.529998779296875,63.529998779296875,63.529998779296875,0,0.0,0.0,0.0
2023-12-05 09:30:00-05:00,60.90999984741211,60.90999984741211,60.90999984741211,60.90999984741211,0,0.0,0.0,0.0
2023-12-06 09:30:00-05:00,60.72999954223633,60.72999954223633,60.72999954223633,60.72999954223633,0,0.0,0.0,0.0
2023-12-07 09:30:00-05:00,61.060001373291016,61.060001373291016,61.060001373291016,61.060001373291016,0,0.0,0.0,0.0
2023-12-08 09:30:00-05:00,61.06999969482422,61.06999969482422,61.06999969482422,61.06999969482422,0,0.0,0.0,0.0
2023-12-11 09:30:00-05:00,61.150001525878906,61.150001525878906,61.150001525878906,61.150001525878906,0,0.0,0.0,0.0
2023-12-12 09:30:00-05:00,60.90999984741211,60.90999984741211,60.90999984741211,60.90999984741211,0,0.0,0.0,0.0
2023-12-13 09:30:00-05:00,61.810001373291016,61.810001373291016,61.810001373291016,61.810001373291016,0,0.0,0.0,0.0
2023-12-14 09:30:00-05:00,62.380001068115234,62.380001068115234,62.380001068115234,62.380001068115234,0,0.0,0.0,0.0
2023-12-15 09:30:00-05:00,62.099998474121094,62.099998474121094,62.099998474121094,62.099998474121094,0,0.0,0.0,0.0
2023-12-18 09:30:00-05:00,62.2599983215332,62.2599983215332,62.2599983215332,62.2599983215332,0,0.0,0.0,0.0
2023-12-19 09:30:00-05:00,62.709999084472656,62.709999084472656,62.709999084472656,62.709999084472656,0,0.0,0.0,0.0
2023-12-20 09:30:00-05:00,62.099998474121094,62.099998474121094,62.099998474121094,62.099998474121094,0,0.0,0.0,0.0
2023-12-21 09:30:00-05:00,62.72999954223633,62.72999954223633,62.72999954223633,62.72999954223633,0,0.0,0.0,0.0
2023-12-22 09:30:00-05:00,62.81999969482422,62.81999969482422,62.81999969482422,62.81999969482422,0,0.0,0.0,0.0
2023-12-26 09:30:00-05:00,63.08000183105469,63.08000183105469,63.08000183105469,63.08000183105469,0,0.0,0.0,0.0
2023-12-27 09:30:00-05:00,63.27000045776367,63.27000045776367,63.27000045776367,63.27000045776367,0,0.0,0.0,0.0
2023-12-28 09:30:00-05:00,63.189998626708984,63.189998626708984,63.189998626708984,63.189998626708984,0,0.0,0.0,0.0
2023-12-29 09:30:00-05:00,63.09000015258789,63.09000015258789,63.09000015258789,63.09000015258789,0,0.0,0.0,0.0
2024-01-02 09:30:00-05:00,62.90999984741211,62.90999984741211,62.90999984741211,62.90999984741211,0,0.0,0.0,0.0
2024-01-03 09:30:00-05:00,62.58000183105469,62.58000183105469,62.58000183105469,62.58000183105469,0,0.0,0.0,0.0
2024-01-04 09:30:00-05:00,62.52000045776367,62.52000045776367,62.52000045776367,62.52000045776367,0,0.0,0.0,0.0
2024-01-05 09:30:00-05:00,62.630001068115234,62.630001068115234,62.630001068115234,62.630001068115234,0,0.0,0.0,0.0
2024-01-08 09:30:00-05:00,62.97999954223633,62.97999954223633,62.97999954223633,62.97999954223633,0,0.0,0.0,0.0
2024-01-09 09:30:00-05:00,62.650001525878906,62.650001525878906,62.650001525878906,62.650001525878906,0,0.0,0.0,0.0
2024-01-10 09:30:00-05:00,62.81999969482422,62.81999969482422,62.81999969482422,62.81999969482422,0,0.0,0.0,0.0
2024-01-11 09:30:00-05:00,62.849998474121094,62.849998474121094,62.849998474121094,62.849998474121094,0,0.0,0.0,0.0
2024-01-12 09:30:00-05:00,63.150001525878906,63.150001525878906,63.150001525878906,63.150001525878906,0,0.0,0.0,0.0
2024-01-16 09:30:00-05:00,62.43000030517578,62.43000030517578,62.43000030517578,62.43000030517578,0,0.0,0.0,0.0
2024-01-17 09:30:00-05:00,61.83000183105469,61.83000183105469,61.83000183105469,61.83000183105469,0,0.0,0.0,0.0
2024-01-18 09:30:00-05:00,62.290000915527344,62.290000915527344,62.290000915527344,62.290000915527344,0,0.0,0.0,0.0
2024-01-19 09:30:00-05:00,62.63999938964844,62.63999938964844,62.63999938964844,62.63999938964844,0,0.0,0.0,0.0
2024-01-22 09:30:00-05:00,62.779998779296875,62.779998779296875,62.779998779296875,62.779998779296875,0,0.0,0.0,0.0
2024-01-23 09:30:00-05:00,62.97999954223633,62.97999954223633,62.97999954223633,62.97999954223633,0,0.0,0.0,0.0
2024-01-24 09:30:00-05:00,62.900001525878906,62.900001525878906,62.900001525878906,62.900001525878906,0,0.0,0.0,0.0
2024-01-25 09:30:00-05:00,63.310001373291016,63.310001373291016,63.310001373291016,63.310001373291016,0,0.0,0.0,0.0
2024-01-26 09:30:00-05:00,63.61000061035156,63.61000061035156,63.61000061035156,63.61000061035156,0,0.0,0.0,0.0
2024-01-29 09:30:00-05:00,63.93000030517578,63.93000030517578,63.93000030517578,63.93000030517578,0,0.0,0.0,0.0
2024-01-30 09:30:00-05:00,63.849998474121094,63.849998474121094,63.849998474121094,63.849998474121094,0,0.0,0.0,0.0
2024-01-31 09:30:00-05:00,63.25,63.25,63.25,63.25,0,0.0,0.0,0.0
2024-02-01 09:30:00-05:00,63.79999923706055,63.79999923706055,63.79999923706055,63.79999923706055,0,0.0,0.0,0.0
2024-02-02 09:30:00-05:00,63.81999969482422,63.81999969482422,63.81999969482422,63.81999969482422,0,0.0,0.0,0.0
2024-02-05 09:30:00-05:00,63.470001220703125,63.470001220703125,63.470001220703125,63.470001220703125,0,0.0,0.0,0.0
2024-02-06 09:30:00-05:00,63.689998626708984,63.689998626708984,63.689998626708984,63.689998626708984,0,0.0,0.0,0.0
2024-02-07 09:30:00-05:00,63.75,63.75,63.75,63.75,0,0.0,0.0,0.0
2024-02-08 09:30:00-05:00,63.93000030517578,63.93000030517578,63.93000030517578,63.93000030517578,0,0.0,0.0,0.0
2024-02-09 09:30:00-05:00,63.880001068115234,63.880001068115234,63.880001068115234,63.880001068115234,0,0.0,0.0,0.0
2024-02-12 09:30:00-05:00,64.11000061035156,64.11000061035156,64.11000061035156,64.11000061035156,0,0.0,0.0,0.0
2024-02-13 09:30:00-05:00,63.130001068115234,63.130001068115234,63.130001068115234,63.130001068115234,0,0.0,0.0,0.0
2024-02-14 09:30:00-05:00,63.41999816894531,63.41999816894531,63.41999816894531,63.41999816894531,0,0.0,0.0,0.0
2024-02-15 09:30:00-05:00,64.04000091552734,64.04000091552734,64.04000091552734,64.04000091552734,0,0.0,0.0,0.0
2024-02-16 09:30:00-05:00,63.90999984741211,63.90999984741211,63.90999984741211,63.90999984741211,0,0.0,0.0,0.0
2024-02-20 09:30:00-05:00,63.9900016784668,63.9900016784668,63.9900016784668,63.9900016784668,0,0.0,0.0,0.0
2024-02-21 09:30:00-05:00,64.16999816894531,64.16999816894531,64.16999816894531,64.16999816894531,0,0.0,0.0,0.0
2024-02-22 09:30:00-05:00,64.45999908447266,64.45999908447266,64.45999908447266,64.45999908447266,0,0.0,0.0,0.0
2024-02-23 09:30:00-05:00,64.41000366210938,64.41000366210938,64.41000366210938,64.41000366210938,0,0.0,0.0,0.0
2024-02-26 09:30:00-05:00,64.13999938964844,64.13999938964844,64.13999938964844,64.13999938964844,0,0.0,0.0,0.0
2024-02-27 09:30:00-05:00,64.25,64.25,64.25,64.25,0,0.0,0.0,0.0
2024-02-28 09:30:00-05:00,64.04000091552734,64.04000091552734,64.04000091552734,64.04000091552734,0,0.0,0.0,0.0
2024-02-29 09:30:00-05:00,64.27999877929688,64.27999877929688,64.27999877929688,64.27999877929688,0,0.0,0.0,0.0
2024-03-01 09:30:00-05:00,64.83000183105469,64.83000183105469,64.83000183105469,64.83000183105469,0,0.0,0.0,0.0
2024-03-04 09:30:00-05:00,64.91000366210938,64.91000366210938,64.91000366210938,64.91000366210938,0,0.0,0.0,0.0
2024-03-05 09:30:00-05:00,64.77999877929688,64.77999877929688,64.77999877929688,64.77999877929688,0,0.0,0.0,0.0
2024-03-06 09:30:00-05:00,65.25,65.25,65.25,65.25,0,0.0,0.0,0.0
2024-03-07 09:30:00-05:00,65.76000213623047,65.76000213623047,65.76000213623047,65.76000213623047,0,0.0,0.0,0.0
2024-03-08 09:30:00-05:00,65.81999969482422,65.81999969482422,65.81999969482422,65.81999969482422,0,0.0,0.0,0.0
2024-03-11 09:30:00-04:00,65.88999938964844,65.88999938964844,65.88999938964844,65.88999938964844,0,0.0,0.0,0.0
2024-03-12 09:30:00-04:00,66.30000305175781,66.30000305175781,66.30000305175781,66.30000305175781,0,0.0,0.0,0.0
2024-03-13 09:30:00-04:00,66.45999908447266,66.45999908447266,66.45999908447266,66.45999908447266,0,0.0,0.0,0.0
2024-03-14 09:30:00-04:00,66.13999938964844,66.13999938964844,66.13999938964844,66.13999938964844,0,0.0,0.0,0.0
2024-03-15 09:30:00-04:00,65.94000244140625,65.94000244140625,65.94000244140625,65.94000244140625,0,0.0,0.0,0.0
2024-03-18 09:30:00-04:00,66.13999938964844,66.13999938964844,66.13999938964844,66.13999938964844,0,0.0,0.0,0.0
2024-03-19 09:30:00-04:00,66.18000030517578,66.18000030517578,66.18000030517578,66.18000030517578,0,0.0,0.0,0.0
2024-03-20 09:30:00-04:00,66.69000244140625,66.69000244140625,66.69000244140625,66.69000244140625,0,0.0,0.0,0.0
2024-03-21 09:30:00-04:00,66.8499984741211,66.8499984741211,66.8499984741211,66.8499984741211,0,0.0,0.0,0.0
2024-03-22 09:30:00-04:00,66.54000091552734,66.54000091552734,66.54000091552734,66.54000091552734,0,0.0,0.0,0.0
2024-03-25 09:30:00-04:00,66.37000274658203,66.37000274658203,66.37000274658203,66.37000274658203,0,0.0,0.0,0.0
2024-03-26 09:30:00-04:00,66.37999725341797,66.37999725341797,66.37999725341797,66.37999725341797,0,0.0,0.0,0.0
2024-03-27 09:30:00-04:00,66.95999908447266,66.95999908447266,66.95999908447266,66.95999908447266,0,0.0,0.0,0.0
2024-03-28 09:30:00-04:00,67.18000030517578,67.18000030517578,67.18000030517578,67.18000030517578,0,0.0,0.0,0.0
